N_MODEL,HIDDEN_SIZE,N_LAYERS,DIRECTIONS,RECALL,PRECISION,F1,RECALL_WO_O,PRECISION_WO_O,F1_WO_O
ner_glove,500,1,1,0.4648792915200776,0.6472493971636474,0.5322785331373054,0.12112171837708831,0.07528310604891277,0.06549433307389813
