N_MODEL,HIDDEN_SIZE,N_LAYERS,DIRECTIONS,RECALL,PRECISION,F1,RECALL_WO_O,PRECISION_WO_O,F1_WO_O
ner_glove,500,1,1,0.045250515588984595,0.630146328104144,0.034975303246419245,0.15334128878281622,0.028155175688752785,0.03664364739233668
