N_MODEL,HIDDEN_SIZE,N_LAYERS,DIRECTIONS,RECALL,PRECISION,F1,RECALL_WO_O,PRECISION_WO_O,F1_WO_O
Model1,500,1,1,0.8272473613975494,0.7908526149158561,0.778851784934524,0.19391408114558473,0.6000028031968948,0.2723270346598116
Model2,500,2,1,0.8084435278418052,0.7744151560783872,0.7793417109279539,0.29295942720763724,0.40832274628966364,0.296833073956477
Model3,500,3,1,0.8272473613975494,0.7709942140061211,0.794891537714641,0.32398568019093077,0.3622431575142473,0.3292258576565945
Model4,500,1,2,0.8590319058595172,0.8407742900845424,0.8362483967408664,0.3884248210023866,0.6739003579281538,0.473653995881128
Model5,500,2,2,0.8667960693922115,0.8760723735573361,0.8697182690199652,0.6294749403341289,0.604016050320954,0.6086502620125591
Model6,500,3,2,0.8832949168991872,0.8780252656155642,0.8663636782271743,0.46002386634844866,0.831769281215128,0.5863102607340568
Model7,800,1,2,0.8646123983986412,0.8539779244103384,0.8426570497031659,0.4295942720763723,0.7206272171513151,0.5013516835374258
Model8,800,2,2,0.8841441222855756,0.8838588426454067,0.882111387912441,0.6616945107398569,0.6524149542208649,0.6477629626732107
Model9,800,3,2,0.8980953536333859,0.8922207214023483,0.8860414803084606,0.5399761336515513,0.8326849730396712,0.6484507062775086
